<?xml version="1.0" encoding="UTF-8" standalone="no"?>
<!-- Top 250 Movies on Douban -->
<movies>
    <movie ranking="1" IMDb="tt0111161" country="USA" release_year="1994" img="1.png">
        <basic>
            <name>
                <Chinese_name>肖申克的救赎</Chinese_name>
                <English_name>The Shawshank Redemption</English_name>
            </name>
            <directors>
                <director>Frank Darabont</director>
            </directors>
            <stars>
                <actor>Tim Robbins</actor>
                <actor>Morgan Freeman</actor>
                <actor>Bob Gunton</actor>
            </stars>
            <genres>
                <genre category="Crime"/>
                <genre category="Drama"/>
                <genre category="Thriller"/>
            </genres>
            <languages>
                <language category="English"/>
                <language category="Italian"/>
                <language category="French"/>
            </languages>
        </basic>
        <introduction><![CDATA[
    20世纪40年代末，小有成就的青年银行家安迪（蒂姆·罗宾斯 Tim Robbins 饰）因涉嫌杀害妻子及她的情人而锒铛入狱。在这座名为肖申克的监狱内，希望似乎虚无缥缈，终身监禁的惩罚无疑注定了安迪接下来灰暗绝望的人生。未过多久，安迪尝试接近囚犯中颇有声望的瑞德（摩根·弗里曼 Morgan Freeman 饰），请求对方帮自己搞来小锤子。以此为契机，二人逐渐熟稔，安迪也仿佛在鱼龙混杂、罪恶横生、黑白混淆的牢狱中找到属于自己的求生之道。他利用自身的专业知识，帮助监狱管理层逃税、洗黑钱，同时凭借与瑞德的交往在犯人中间也渐渐受到礼遇。表面看来，他已如瑞德那样对那堵高墙从憎恨转变为处之泰然，但是对自由的渴望仍促使他朝着心中的希望和目标前进。而关于其罪行的真相，似乎更使这一切朝前推进了一步……
    本片根据著名作家斯蒂芬·金（Stephen Edwin King）的原著改编。
            ]]>
        </introduction>
        <review rating="9.6" number="1340613">希望让人自由。</review>
    </movie>
    <movie ranking="2" IMDb="tt0106332" country="China" release_year="1993" img="2.png">
        <basic>
            <name>
                <Chinese_name>霸王别姬</Chinese_name>
                <English_name>Farewell My Concubine</English_name>
            </name>
            <directors>
                <director>Kaige Chen</director>
            </directors>
            <stars>
                <actor>Leslie Cheung</actor>
                <actor>Fengyi Zhang</actor>
                <actor>Li Gong</actor>
            </stars>
            <genres>
                <genre category="Drama"/>
                <genre category="Music"/>
                <genre category="Romance"/>
            </genres>
            <languages>
                <language category="Mandarin"/>
            </languages>
        </basic>
        <introduction><![CDATA[
    段小楼（张丰毅）与程蝶衣（张国荣）是一对打小一起长大的师兄弟，两人一个演生，一个饰旦，一向配合天衣无缝，尤其一出《霸王别姬》，更是誉满京城，为此，两人约定合演一辈子《霸王别姬》。但两人对戏剧与人生关系的理解有本质不同，段小楼深知戏非人生，程蝶衣则是人戏不分。
    段小楼在认为该成家立业之时迎娶了名妓菊仙（巩俐），致使程蝶衣认定菊仙是可耻的第三者，使段小楼做了叛徒，自此，三人围绕一出《霸王别姬》生出的爱恨情仇战开始随着时代风云的变迁不断升级，终酿成悲剧。
            ]]>
        </introduction>
        <review rating="9.6" number="990705">风华绝代。</review>
    </movie>
    <movie ranking="3" IMDb="tt0110413" country="France" release_year="1994" img="3.png">
        <basic>
            <name>
                <Chinese_name>这个杀手不太冷</Chinese_name>
                <English_name>Leon</English_name>
            </name>
            <directors>
                <director>Luc Besson</director>
            </directors>
            <stars>
                <actor>Jean Reno</actor>
                <actor>Gary Oldman</actor>
                <actor>Natalie Portman</actor>
            </stars>
            <genres>
                <genre category="Crime"/>
                <genre category="Drama"/>
                <genre category="Thriller"/>
            </genres>
            <languages>
                <language category="English"/>
                <language category="Italian"/>
                <language category="French"/>
            </languages>
        </basic>
        <introduction><![CDATA[
	里昂（让·雷诺饰）是名孤独的职业杀手，受人雇佣。一天，邻居家小姑娘马蒂尔达（纳塔丽·波特曼饰)敲开他的房门，要求在他那里暂避杀身之祸。原来邻居家的主人是警方缉毒组的眼线，只因贪污了一小包毒品而遭恶警（加里·奥德曼饰）杀害全家的惩罚。马蒂尔达得到里昂的留救，幸免于难，并留在里昂那里。里昂教小女孩使枪，她教里昂法文，两人关系日趋亲密，相处融洽。
    女孩想着去报仇，反倒被抓，里昂及时赶到，将女孩救回。混杂着哀怨情仇的正邪之战渐次升级，更大的冲突在所难免……            
            ]]>
        </introduction>
        <review rating="9.4" number="1226682">怪蜀黍和小萝莉不得不说的故事。</review>
    </movie>
    <movie ranking="4" IMDb="tt0109830" country="USA" release_year="1994" img="4.png">
        <basic>
            <name>
                <Chinese_name>阿甘正传</Chinese_name>
                <English_name>Forrest Gump</English_name>
            </name>
            <directors>
                <director>Robert Zemeckis</director>
            </directors>
            <stars>
                <actor>Tom Hanks</actor>
                <actor>Robin Wright</actor>
                <actor>Gary Sinise</actor>
            </stars>
            <genres>
                <genre category="Drama"/>
                <genre category="Romance"/>
            </genres>
            <languages>
                <language category="English"/>
            </languages>
        </basic>
        <introduction><![CDATA[
    阿甘（汤姆·汉克斯 饰）于二战结束后不久出生在美国南方阿拉巴马州一个闭塞的小镇，他先天弱智，智商只有75，然而他的妈妈是一个性格坚强的女性，她常常鼓励阿甘“傻人有傻福”，要他自强不息。
	阿甘像普通孩子一样上学，并且认识了一生的朋友和至爱珍妮（罗宾·莱特·潘饰），在珍妮和妈妈的爱护下，阿甘凭着上帝赐予的“飞毛腿”开始了一生不停的奔跑。
	阿甘成为橄榄球巨星、越战英雄、乒乓球外交使者、亿万富翁，但是，他始终忘不了珍妮，几次匆匆的相聚和离别，更是加深了阿甘的思念。
    有一天，阿甘收到珍妮的信，他们终于又要见面……
            ]]>
        </introduction>
        <review rating="9.4" number="1056203">一部美国近现代史。</review>
    </movie>
    <movie ranking="5" IMDb="tt0118799" country="Italy" release_year="1997" img="5.png">
        <basic>
            <name>
                <Chinese_name>美丽人生</Chinese_name>
                <English_name>Life Is Beautiful</English_name>
            </name>
            <directors>
                <director>Roberto Benigni</director>
            </directors>
            <stars>
                <actor>Roberto Benigni</actor>
                <actor>Nicoletta Braschi</actor>
                <actor>Giorgio Cantarini</actor>
            </stars>
            <genres>
                <genre category="Comedy"/>
                <genre category="Drama"/>
                <genre category="Romance"/>
            </genres>
            <languages>
                <language category="Italian"/>
                <language category="German"/>
                <language category="English"/>
            </languages>
        </basic>
        <introduction><![CDATA[
    犹太青年圭多（罗伯托·贝尼尼）邂逅美丽的女教师多拉（尼可莱塔·布拉斯基），他彬彬有礼的向多拉鞠躬：“早安！公主！”。历经诸多令人啼笑皆非的周折后，天遂人愿，两人幸福美满的生活在一起。 
    然而好景不长，法西斯政权下，圭多和儿子被强行送往犹太人集中营。多拉虽没有犹太血统，毅然同行，与丈夫儿子分开关押在一个集中营里。聪明乐天的圭多哄骗儿子这只是一场游戏，奖品就是一辆大坦克，儿子快乐、天真的生活在纳粹的阴霾之中。尽管集中营的生活艰苦寂寞，圭多仍然带给他人很多快乐，他还趁机在纳粹的广播里问候妻子：“早安！公主！” 
    法西斯政权即将倾覆，纳粹的集中营很快就要接受最后的清理，圭多编给儿子的游戏该怎么结束？他们一家能否平安的度过这黑暗的年代呢？
            ]]>
        </introduction>
        <review rating="9.5" number="617950">最美的谎言。</review>
    </movie>
    <movie ranking="6" IMDb="tt0120338" country="USA" release_year="1997" img="6.png">
        <basic>
            <name>
                <Chinese_name>泰坦尼克号</Chinese_name>
                <English_name>Titanic</English_name>
            </name>
            <directors>
                <director>James Cameron</director>
            </directors>
            <stars>
                <actor>Leonardo DiCaprio</actor>
                <actor>Kate Winslet</actor>
                <actor>Billy Zane</actor>
            </stars>
            <genres>
                <genre category="Drama"/>
                <genre category="Romance"/>
            </genres>
            <languages>
                <language category="English"/>
                <language category="Swedish"/>
            </languages>
        </basic>
        <introduction><![CDATA[
    1912年4月10日，号称 “世界工业史上的奇迹”的豪华客轮泰坦尼克号开始了自己的处女航，从英国的南安普顿出发驶往美国纽约。富家少女罗丝（凯特·温丝莱特）与母亲及未婚夫卡尔坐上了头等舱；另一边，放荡不羁的少年画家杰克（莱昂纳多·迪卡普里奥）也在码头的一场赌博中赢得了下等舱的船票。 
    罗丝厌倦了上流社会虚伪的生活，不愿嫁给卡尔，打算投海自尽，被杰克救起。很快，美丽活泼的罗丝与英俊开朗的杰克相爱，杰克带罗丝参加下等舱的舞会、为她画像，二人的感情逐渐升温。 
    1912年4月14日，星期天晚上，一个风平浪静的夜晚。泰坦尼克号撞上了冰山，“永不沉没的”泰坦尼克号面临沉船的命运，罗丝和杰克刚萌芽的爱情也将经历生死的考验。
            ]]>
        </introduction>
        <review rating="9.3" number="995634">失去的才是永恒的。</review>
    </movie>
    <movie ranking="7" IMDb="tt0245429" country="Japan" release_year="2001" img="7.png">
        <basic>
            <name>
                <Chinese_name>千与千寻</Chinese_name>
                <English_name>Spirited Away</English_name>
            </name>
            <directors>
                <director>Hayao Miyazaki</director>
                <director>Kirk Wise</director>
            </directors>
            <stars>
                <actor>Daveigh Chase</actor>
                <actor>Suzanne Pleshette</actor>
                <actor>Miyu Irino</actor>
            </stars>
            <genres>
                <genre category="Animation"/>
                <genre category="Adventure"/>
                <genre category="Family"/>
            </genres>
            <languages>
                <language category="Japanese"/>
            </languages>
        </basic>
        <introduction><![CDATA[
    千寻和爸爸妈妈一同驱车前往新家，在郊外的小路上不慎进入了神秘的隧道——他们去到了另外一个诡异世界—一个中世纪的小镇。远处飘来食物的香味，爸爸妈妈大快朵颐，孰料之后变成了猪！这时小镇上渐渐来了许多样子古怪、半透明的人。 
    千寻仓皇逃出，一个叫小白的人救了他，喂了她阻止身体消 失的药，并且告诉她怎样去找锅炉爷爷以及汤婆婆，而且必须获得一份工作才能不被魔法变成别的东西。 
    千寻在小白的帮助下幸运地获得了一份在浴池打杂的工作。渐渐她不再被那些怪模怪样的人吓倒，并从小玲那儿知道了小白是凶恶的汤婆婆的弟子。 
    一次，千寻发现小白被一群白色飞舞的纸人打伤，为了救受伤的小白，她用河神送给她的药丸驱出了小白身体内的封印以及守封印的小妖精，但小白还是没有醒过来。 
    为了救小白，千寻又踏上了她的冒险之旅。
            ]]>
        </introduction>
        <review rating="9.3" number="983447">最好的宫崎骏，最好的久石让。</review>
    </movie>
    <movie ranking="8" IMDb="tt0108052" country="USA" release_year="1993" img="8.png">
        <basic>
            <name>
                <Chinese_name>辛德勒的名单</Chinese_name>
                <English_name>Schindler's List</English_name>
            </name>
            <directors>
                <director>Steven Spielberg</director>
            </directors>
            <stars>
                <actor>Liam Neeson</actor>
                <actor>Ralph Fiennes</actor>
                <actor>Ben Kingsley</actor>
            </stars>
            <genres>
                <genre category="Biography"/>
                <genre category="Drama"/>
                <genre category="History"/>
            </genres>
            <languages>
                <language category="English"/>
                <language category="Hebrew"/>
                <language category="German"/>
                <language category="Polish"/>
            </languages>
        </basic>
        <introduction><![CDATA[
    1939年，波兰在纳粹德国的统治下，党卫军对犹太人进行了隔离统治。德国商人奥斯卡·辛德勒（连姆·尼森 Liam Neeson 饰）来到德军统治下的克拉科夫，开设了一间搪瓷厂，生产军需用品。凭着出众的社交能力和大量的金钱，辛德勒和德军建立了良好的关系，他的工厂雇用犹太人工作，大发战争财。 
    1943年，克拉科夫的犹太人遭到了惨绝人寰的大屠杀，辛德勒目睹这一切，受到了极大的震撼，他贿赂军官，让自己的工厂成为集中营的附属劳役营，在那些疯狂屠杀的日子里，他的工厂也成为了犹太人的避难所。 
    1944年，德国战败前夕，屠杀犹太人的行动越发疯狂，辛德勒向德军军官开出了1200人的名单，倾家荡产买下了这些犹太人的生命。在那些暗无天日的岁月里，拯救一个人，就是拯救全世界。
            ]]>
        </introduction>
        <review rating="9.5" number="551550">拯救一个人，就是拯救整个世界。</review>
    </movie>
    <movie ranking="9" IMDb="tt1375666" country="USA" release_year="2010" img="9.png">
        <basic>
            <name>
                <Chinese_name>盗梦空间</Chinese_name>
                <English_name>Inception</English_name>
            </name>
            <directors>
                <director>Christopher Nolan</director>
            </directors>
            <stars>
                <actor>Leonardo DiCaprio</actor>
                <actor>Joseph Gordon-Levitt</actor>
                <actor>Ellen Page</actor>
            </stars>
            <genres>
                <genre category="Action"/>
                <genre category="Adventure"/>
                <genre category="Sci-Fi"/>
            </genres>
            <languages>
                <language category="English"/>
                <language category="Japanese"/>
                <language category="French"/>
            </languages>
        </basic>
        <introduction><![CDATA[
    道姆·柯布（莱昂纳多·迪卡普里奥 Leonardo DiCaprio 饰）与同事阿瑟（约瑟夫·戈登-莱维特 Joseph Gordon-Levitt 饰）和纳什（卢卡斯·哈斯 Lukas Haas 饰）在一次针对日本能源大亨齐藤（渡边谦 饰）的盗梦行动中失败，反被齐藤利用。齐藤威逼利诱因遭通缉而流亡海外的柯布帮他拆分他竞争对手的公司，采取极端措施在其唯一继承人罗伯特·费希尔（希里安·墨菲 Cillian Murphy 饰）的深层潜意识中种下放弃家族公司、自立门户的想法。为了重返美国，柯布偷偷求助于岳父迈尔斯（迈克尔·凯恩 Michael Caine 饰），吸收了年轻的梦境设计师艾里阿德妮（艾伦·佩吉 Ellen Page 饰）、梦境演员艾姆斯（汤姆·哈迪 Tom Hardy 饰）和药剂师约瑟夫（迪利普·劳 Dileep Rao 饰）加入行动。在一层层递进的梦境中，柯布不仅要对付费希尔潜意识的本能反抗，还必须直面已逝妻子梅尔（玛丽昂·歌迪亚 Marion Cotillard 饰）的处处破坏，实际情况远比预想危险得多……            
            ]]>
        </introduction>
        <review rating="9.3" number="1068841">诺兰给了我们一场无法盗取的梦。</review>
    </movie>
    <movie ranking="10" IMDb="tt1028532" country="USA" release_year="2009" img="10.png">
        <basic>
            <name>
                <Chinese_name>忠犬八公的故事</Chinese_name>
                <English_name>Hachi: A Dog's Tale</English_name>
            </name>
            <directors>
                <director>Lasse Hallström</director>
            </directors>
            <stars>
                <actor>Richard Gere</actor>
                <actor>Joan Allen</actor>
                <actor>Cary-Hiroyuki Tagawa</actor>
            </stars>
            <genres>
                <genre category="Drama"/>
                <genre category="Family"/>
            </genres>
            <languages>
                <language category="English"/>
                <language category="Japanese"/>
            </languages>
        </basic>
        <introduction><![CDATA[
    八公（Forest 饰）是一条谜一样的犬，因为没有人知道它从哪里来。教授帕克（理查·基尔 Richard Gere 饰）在小镇的火车站拣到一只走失的小狗，冥冥中似乎注定小狗和帕克教授有着某种缘分，帕克一抱起这只小狗就再也放不下来，最终，帕克对小狗八公的疼爱感化了起初极力反对养狗的妻子卡特（琼·艾伦 Joan Allen 饰）。八公在帕克的呵护下慢慢长大，帕克上班时八公会一直把他送到车站，下班时八公也会早早便爬在车站等候，八公的忠诚让小镇的人家对它更加疼爱。有一天，八公在帕克要上班时表现异常，居然玩起了以往从来不会的捡球游戏，八公的表现让帕克非常满意，可是就是在那天，帕克因病去世。帕克的妻子、女儿安迪（萨拉·罗默尔 Sarah Roemer 饰）及女婿迈克尔（罗比·萨布莱特 Robbie Sublett 饰）怀着无比沉痛的心情埋葬了帕克，可是不明就里的八公却依然每天傍晚五点准时守候在小站的门前，等待着主人归来……           
            ]]>
        </introduction>
        <review rating="9.3" number="698713">永远都不能忘记你所爱的人。</review>
    </movie>
    <movie ranking="11" IMDb="tt0910970" country="USA" release_year="2008" img="11.png">
        <basic>
            <name>
                <Chinese_name>机器人总动员</Chinese_name>
                <English_name>WALL·E</English_name>
            </name>
            <directors>
                <director>Andrew Stanton</director>
            </directors>
            <stars>
                <actor>Ben Burtt</actor>
                <actor>Elissa Knight</actor>
                <actor>Jeff Garlin</actor>
            </stars>
            <genres>
                <genre category="Animation"/>
                <genre category="Adventure"/>
                <genre category="Family"/>
            </genres>
            <languages>
                <language category="English"/>
            </languages>
        </basic>
        <introduction><![CDATA[
    公元2805年，人类文明高度发展，却因污染和生活垃圾大量增加使得地球不再适于人类居住。地球人被迫乘坐飞船离开故乡，进行一次漫长无边的宇宙之旅。临行前他们委托Buynlarge的公司对地球垃圾进行清理，该公司开发了名为WALL·E（Waste Allocation Loa d Lifters – Earth 地球废品分装员）的机器人担当此重任。 
    这些机器人按照程序日复一日、年复一年辛勤工作，但随着时间的流逝和恶劣环境的侵蚀，WALL·E们接连损坏、停止运动。最后只有一个仍在进行这项似乎永无止境的工作。经历了漫长的岁月，它开始拥有了自己的意识。它喜欢将收集来的宝贝小心翼翼藏起，喜欢收工后看看几百年前的歌舞片，此外还有一只蟑螂朋友作伴。直到有一天，一艘来自宇宙的飞船打破了它一成不变的生活……          
            ]]>
        </introduction>
        <review rating="9.3" number="708946">小瓦力，大人生。</review>
    </movie>
    <movie ranking="12" IMDb="tt1187043" country="India" release_year="2009" img="12.png">
        <basic>
            <name>
                <Chinese_name>三傻大闹宝莱坞</Chinese_name>
                <English_name>3 Idiots</English_name>
            </name>
            <directors>
                <director>Rajkumar Hirani</director>
            </directors>
            <stars>
                <actor>Aamir Khan</actor>
                <actor>Madhavan</actor>
                <actor>Mona Singh</actor>
            </stars>
            <genres>
                <genre category="Comedy"/>
                <genre category="Drama"/>
            </genres>
            <languages>
                <language category="Hindi"/>
                <language category="English"/>
            </languages>
        </basic>
        <introduction><![CDATA[
    本片根据印度畅销书作家奇坦·巴哈特（Chetan Bhagat）的处女作小说《五点人》（Five Point Someone）改编而成。法兰（马德哈万 R Madhavan 饰）、拉杜（沙曼·乔希 Sharman Joshi 饰）与兰乔（阿米尔·汗 Aamir Khan 饰）是皇家工程学院的学生，三人共居一室，结为好友。在以严格著称的学院里，兰乔是个非常与众不同的学生，他不死记硬背，甚至还公然顶撞校长“病毒”（波曼·伊拉尼 Boman Irani 饰），质疑他的教学方法。他不仅鼓动法兰与拉杜去勇敢追寻理想，还劝说校长的二女儿碧雅（卡琳娜·卡普 Kareena Kapoor 饰）离开满眼铜臭的未婚夫。兰乔的特立独行引起了模范学生“消音器”（奥米·维嘉 Omi Vaidya 饰）的不满，他约定十年后再与兰乔一决高下，看哪种生活方式更能取得成功。        
            ]]>
        </introduction>
        <review rating="9.2" number="956328">英俊版憨豆，高情商版谢耳朵。</review>
    </movie>
    <movie ranking="13" IMDb="tt0120731" country="Italy" release_year="1998" img="13.png">
        <basic>
            <name>
                <Chinese_name>海上钢琴师</Chinese_name>
                <English_name>The Legend of 1900</English_name>
            </name>
            <directors>
                <director>Giuseppe Tornatore</director>
            </directors>
            <stars>
                <actor>Tim Roth</actor>
                <actor>Pruitt Taylor Vince</actor>
                <actor>Bill Nunn</actor>
            </stars>
            <genres>
                <genre category="Drama"/>
                <genre category="Music"/>
                <genre category="Romance"/>
            </genres>
            <languages>
                <language category="English"/>
                <language category="French"/>
                <language category="Italian"/>
            </languages>
        </basic>
        <introduction><![CDATA[
    本片讲述了一个钢琴天才传奇的一生。 
    1900年，Virginian号豪华邮轮上，一个孤儿被遗弃在头等舱，由船上的水手抚养长大，取名1900（蒂姆·罗斯 饰）。1900慢慢长大，显示出了无师自通的非凡钢琴天赋，在船上的乐队表演钢琴，每个听过他演奏的人，都被深深打动。爵士 乐鼻祖杰尼听说了1900的高超技艺，专门上船和他比赛，最后自叹弗如，黯然离去。 
    可惜，这一切的事情都发生在海上，1900从来不愿踏上陆地，直到有一天，他爱上了一个女孩，情愫在琴键上流淌。他会不会为了爱情，踏上陆地开始新的生活，用他的琴声惊艳世界？他将怎样谱写自己非凡的人生。     
            ]]>
        </introduction>
        <review rating="9.2" number="789273">每个人都要走一条自己坚定了的路，就算是粉身碎骨。</review>
    </movie>
    <movie ranking="14" IMDb="tt0372824" country="France" release_year="2004" img="14.png">
        <basic>
            <name>
                <Chinese_name>放牛班的春天</Chinese_name>
                <English_name>The Chorus</English_name>
            </name>
            <directors>
                <director>Christophe Barratier</director>
            </directors>
            <stars>
                <actor>Gérard Jugnot</actor>
                <actor>François Berléand</actor>
                <actor>Jean-Baptiste Maunier</actor>
            </stars>
            <genres>
                <genre category="Drama"/>
                <genre category="Music"/>
            </genres>
            <languages>
                <language category="French"/>
            </languages>
        </basic>
        <introduction><![CDATA[
    1949年的法国乡村，音乐家克莱门特（杰勒德·尊诺 饰）到了一间外号叫“塘低”的男子寄宿学校当助理教师。学校里的学生大部分都是难缠的问题儿童，体罚在这里司空见惯，学校的校长（弗朗西斯·贝尔兰德 饰）只顾自己的前途，残暴高压。 
    性格沉静的克莱门特尝试用自己的方法改善这种状况，他重新创作音乐作品，组织合唱团，决定用音乐的方法来打开学生们封闭的心灵。 
    然而，事情并不顺利，克莱门特发现学生皮埃尔·莫安琦（尚·巴堤·莫里耶 饰）拥有非同一般的音乐天赋，但是单亲家庭长大的他，性格异常敏感孤僻，怎样释放皮埃尔的音乐才能，让克莱门特头痛不已；同时，他与皮埃尔母亲的感情也渐渐微妙起来。    
            ]]>
        </introduction>
        <review rating="9.3" number="660708">天籁一般的童声，是最接近上帝的存在。</review>
    </movie>
    <movie ranking="15" IMDb="tt0120382" country="USA" release_year="1998" img="15.png">
        <basic>
            <name>
                <Chinese_name>楚门的世界</Chinese_name>
                <English_name>The Truman Show</English_name>
            </name>
            <directors>
                <director>Peter Weir</director>
            </directors>
            <stars>
                <actor>Jim Carrey</actor>
                <actor>Ed Harris</actor>
                <actor>Laura Linney</actor>
            </stars>
            <genres>
                <genre category="Comedy"/>
                <genre category="Drama"/>
                <genre category="Sci-Fi"/>
            </genres>
            <languages>
                <language category="English"/>
            </languages>
        </basic>
        <introduction><![CDATA[
    楚门（金·凯瑞 Jim Carrey 饰）是一个平凡得不能再平凡的人，除了一些有些稀奇的经历之外——初恋女友突然失踪、溺水身亡的父亲忽然似乎又出现在眼前，他和绝大多数30多岁的美国男人绝无异样。这令他倍感失落。他也曾试过离开自己生活了多年的地方，但总因种种理由而不能成行。 
    直到有一天，他忽然发觉自己似乎一直在被人跟踪，无论他走到哪里，干什么事情。这种感觉愈来愈强烈。楚门决定不惜一切代价逃离这个他生活了30多年的地方，去寻找他的初恋女友。 
    但他却发现自己怎样也逃不出去。真相其实很残忍。
            ]]>
        </introduction>
        <review rating="9.3" number="725563">如果再也不能见到你，祝你早安，午安，晚安。</review>
    </movie>
    <movie ranking="16" IMDb="tt0114996" country="China" release_year="1995" img="16.png">
        <basic>
            <name>
                <Chinese_name>大话西游之大圣娶亲</Chinese_name>
                <English_name>A Chinese Odyssey Part Two - Cinderella</English_name>
            </name>
            <directors>
                <director>Jeffrey Lau</director>
            </directors>
            <stars>
                <actor>Stephen Chow</actor>
                <actor>Man-Tat Ng</actor>
                <actor>Athena Chu</actor>
            </stars>
            <genres>
                <genre category="Action"/>
                <genre category="Adventure"/>
                <genre category="Comedy"/>
                <genre category="Fantasy"/>
                <genre category="Romance"/>
            </genres>
            <languages>
                <language category="Cantonese"/>
            </languages>
        </basic>
        <introduction><![CDATA[
    至尊宝（周星驰 饰）被月光宝盒带回到五百年前，遇见紫霞仙子（朱茵 饰），被对方打上烙印成为对方的人，并发觉自己已变成孙悟空。 
    紫霞与青霞（朱茵 饰）本是如来佛祖座前日月神灯的灯芯（白天是紫霞，晚上是青霞），二人虽然同一肉身却仇恨颇深，因此紫霞立下誓言，谁能拔出她手中的紫青宝剑，谁就是她的意中人。紫青宝剑被至尊宝于不经意间拔出，紫霞决定以身相许，却遭一心记挂白晶晶（莫文蔚 饰）的至尊宝拒绝。后牛魔王救下迷失在沙漠中的紫霞，并逼紫霞与他成婚，关键时刻，至尊宝现身。
            ]]>
        </introduction>
        <review rating="9.2" number="737480">一生所爱。</review>
    </movie>
    <movie ranking="17" IMDb="tt0816692" country="USA" release_year="2014" img="17.png">
        <basic>
            <name>
                <Chinese_name>星际穿越</Chinese_name>
                <English_name>Interstellar</English_name>
            </name>
            <directors>
                <director>Christopher Nolan</director>
            </directors>
            <stars>
                <actor>Matthew McConaughey</actor>
                <actor>Anne Hathaway</actor>
                <actor>Jessica Chastain</actor>
            </stars>
            <genres>
                <genre category="Adventure"/>
                <genre category="Drama"/>
                <genre category="Sci-Fi"/>
            </genres>
            <languages>
                <language category="English"/>
            </languages>
        </basic>
        <introduction><![CDATA[
    近未来的地球黄沙遍野，小麦、秋葵等基础农作物相继因枯萎病灭绝，人类不再像从前那样仰望星空，放纵想象力和灵感的迸发，而是每日在沙尘暴的肆虐下倒数着所剩不多的光景。在家务农的前NASA宇航员库珀（马修·麦康纳 Matthew McConaughey 饰）接连在女儿墨菲（麦肯吉·弗依 Mackenzie Foy 饰）的书房发现奇怪的重力场现象，随即得知在某个未知区域内前NASA成员仍秘密进行一个拯救人类的计划。多年以前土星附近出现神秘虫洞，NASA借机将数名宇航员派遣到遥远的星系寻找适合居住的星球。在布兰德教授（迈克尔·凯恩 Michael Caine 饰）的劝说下，库珀忍痛告别了女儿，和其他三名专家教授女儿艾米莉亚·布兰德（安妮·海瑟薇 Anne Hathaway 饰）、罗米利（大卫·吉雅西 David Gyasi 饰）、多伊尔（韦斯·本特利 Wes Bentley 饰）搭乘宇宙飞船前往目前已知的最有希望的三颗星球考察。 
    他们穿越遥远的星系银河，感受了一小时七年光阴的沧海桑田，窥见了未知星球和黑洞的壮伟与神秘。在浩瀚宇宙的绝望而孤独角落，总有一份超越了时空的笃定情怀将他们紧紧相连……
            ]]>
        </introduction>
        <review rating="9.2" number="755055">爱是一种力量，让我们超越时空感知它的存在。</review>
    </movie>
    <movie ranking="18" IMDb="tt0096283" country="Japan" release_year="1988" img="18.png">
        <basic>
            <name>
                <Chinese_name>龙猫</Chinese_name>
                <English_name>My Neighbor Totoro</English_name>
            </name>
            <directors>
                <director>Hayao Miyazaki</director>
            </directors>
            <stars>
                <actor>Hitoshi Takagi</actor>
                <actor>Noriko Hidaka</actor>
                <actor>Chika Sakamoto</actor>
            </stars>
            <genres>
                <genre category="Animation"/>
                <genre category="Family"/>
                <genre category="Fantasy"/>
            </genres>
            <languages>
                <language category="Japanese"/>
            </languages>
        </basic>
        <introduction><![CDATA[
    小月的母亲生病住院了，父亲带着她与四岁的妹妹小梅到乡间的居住。她们对那里的环境都感到十分新奇，也发现了很多有趣的事情。她们遇到了很多小精灵，她们来到属于她们的环境中，看到了她们世界中很多的奇怪事物，更与一只大大胖胖的龙猫成为了朋友。龙猫与小精灵们利用他们的神奇力量，为小月与妹妹带来了很多神奇的景观，令她们大开眼界。 
    妹妹小梅常常挂念生病中的母亲，嚷着要姐姐带着她去看母亲，但小月拒绝了。小梅竟然自己前往，不料途中迷路了，小月只好寻找她的龙猫及小精灵朋友们帮助。
            ]]>
        </introduction>
        <review rating="9.2" number="651701">人人心中都有个龙猫，童年就永远不会消失。</review>
    </movie>
    <movie ranking="19" IMDb="tt0068646" country="USA" release_year="1972" img="19.png">
        <basic>
            <name>
                <Chinese_name>教父</Chinese_name>
                <English_name>The Godfather</English_name>
            </name>
            <directors>
                <director>Francis Ford Coppola</director>
            </directors>
            <stars>
                <actor>Marlon Brando</actor>
                <actor>Al Pacino</actor>
                <actor>James Caan</actor>
            </stars>
            <genres>
                <genre category="Crime"/>
                <genre category="Drama"/>
            </genres>
            <languages>
                <language category="English"/>
                <language category="Italian"/>
                <language category="Latin"/>
            </languages>
        </basic>
        <introduction><![CDATA[
    40年代的美国，“教父”维托·唐·柯里昂（马龙·白兰度 饰）是黑手党柯里昂家族的首领，带领家族从事非法的勾当，但同时他也是许多弱小平民的保护神，深得人们爱戴。 
    因为拒绝了毒枭索洛索的毒品交易要求，柯里昂家族和纽约其他几个黑手党家族的矛盾激化。圣诞前夕，索洛索劫持了“教 父”的参谋汤姆，并派人暗杀“教父”；因为内奸的出卖，“教父”的大儿子逊尼被仇家杀害；小儿子麦克（阿尔·帕西诺 饰）也被卷了进来，失去爱妻。黑手党家族之间的矛盾越来越白热化。 
    年老的“教父”面对丧子之痛怎样统领全局？黑手党之间的仇杀如何落幕？谁是家族的内奸？谁又能够成为新一代的“教父”？ 
    血雨腥风和温情脉脉，在这部里程碑式的黑帮史诗巨片里真实上演。
            ]]>
        </introduction>
        <review rating="9.2" number="480678">千万不要记恨你的对手，这样会让你失去理智。</review>
    </movie>
    <movie ranking="20" IMDb="tt2070649" country="Korea" release_year="2011" img="20.png">
        <basic>
            <name>
                <Chinese_name>熔炉</Chinese_name>
                <English_name>Slienced</English_name>
            </name>
            <directors>
                <director>Dong-hyuk Hwang</director>
            </directors>
            <stars>
                <actor>Yoo Gong</actor>
                <actor>Yu-mi Jung</actor>
                <actor>Hyeon-soo Kim</actor>
            </stars>
            <genres>
                <genre category="Drama"/>
            </genres>
            <languages>
                <language category="Korean"/>
            </languages>
        </basic>
        <introduction><![CDATA[
    来自首尔的哑语美术老师仁浩（孔宥 饰）来到雾津，应聘慈爱聋哑人学校。天降大雾，他意外撞车，维修时邂逅了人权组织成员柔珍（郑有美 饰）。仁浩妻子早亡，8岁女儿天生哮喘由祖母照看，所以他不辞辛苦谋职养家。然而，双胞胎的校长与教导主任竟逼仁浩索贿5千万韩元。同时，仁浩逐渐发现学 校笼罩着一种紧张压抑的气氛，令人窒息。尤其有三个孩子引人关注：聪颖的金妍斗（金贤秀 饰）和贪吃的陈宥利（郑仁絮 饰）总是躲闪。全民秀（白承焕 饰）的弟弟自杀身亡，他总是满脸淤青。下课后，仁浩还听到女厕所中有呼喊与哭泣，在门卫的阻拦下他未深究。之后。他意外目睹了校长行贿警察，教导员毒打民秀，宿导溺罚妍斗的行径。一个惊天的隐秘被慢慢揭开，真相令韩国震惊…… 
    本片取材于2005年光州一所聋哑障碍人学校的真实事件，改编自韩国作家孔枝泳的同名小说。
            ]]>
        </introduction>
        <review rating="9.3" number="421647">我们一路奋战不是为了改变世界，而是为了不让世界改变我们。</review>
    </movie>
    <movie ranking="21" IMDb="tt0338564" country="China" release_year="2002" img="21.png">
        <basic>
            <name>
                <Chinese_name>无间道</Chinese_name>
                <English_name>Infernal Affairs</English_name>
            </name>
            <directors>
                <director>Wai-Keung Lau</director>
                <director>Alan Mak</director>
            </directors>
            <stars>
                <actor>Andy Lau</actor>
                <actor>Tony Chiu-Wai Leung</actor>
                <actor>Anthony Chau-Sang Wong</actor>
            </stars>
            <genres>
                <genre category="Crime"/>
                <genre category="Drama"/>
                <genre category="Mystery"/>
                <genre category="Thriller"/>
            </genres>
            <languages>
                <language category="Cantonese"/>
                <language category="English"/>
                <language category="Thai"/>
            </languages>
        </basic>
        <introduction><![CDATA[
    1991年，香港黑帮三合会会员刘健明（刘德华）听从老大韩琛（曾志伟）的吩咐，加入警察部队成为黑帮卧底，韩琛许诺刘健明会帮其在七年后晋升为见习督察。1992年，警察训练学校优秀学员陈永仁（梁朝伟）被上级要求深入到三合会做卧底，终极目标是成为韩琛身边的红人。2002年，两人都不负重望，也都身背重压，刘健明渐想成为一个真正的好人，陈永仁则盼着尽快回归警察身份。 
    重案组从陈永仁手中获悉一批毒品交易情报，锁紧目标人物韩琛，没料情报被刘健明泄出，双方行动均告失败。但此事将双方均有卧底的事实暴露，引发双方高层清除内鬼的决心。命运迥异又相似的刘健明和陈永仁开始在无间道的旅程中接受严峻考验。
            ]]>
        </introduction>
        <review rating="9.1" number="604786">香港电影史上永不过时的杰作。</review>
    </movie>
    <movie ranking="22" IMDb="tt2948356" country="USA" release_year="2016" img="22.png">
        <basic>
            <name>
                <Chinese_name>疯狂动物城</Chinese_name>
                <English_name>Zootopia</English_name>
            </name>
            <directors>
                <director>Byron Howard</director>
                <director>Rich Moore</director>
            </directors>
            <stars>
                <actor>Ginnifer Goodwin</actor>
                <actor>Jason Bateman</actor>
                <actor>Idris Elba</actor>
            </stars>
            <genres>
                <genre category="Animation"/>
                <genre category="Adventure"/>
                <genre category="Comedy"/>
                <genre category="Crime"/>
                <genre category="Family"/>
                <genre category="Mystery"/>
            </genres>
            <languages>
                <language category="English"/>
            </languages>
        </basic>
        <introduction><![CDATA[
    故事发生在一个所有哺乳类动物和谐共存的美好世界中，兔子朱迪（金妮弗·古德温 Ginnifer Goodwin 配音）从小就梦想着能够成为一名惩恶扬善的刑警，凭借着智慧和努力，朱迪成功的从警校中毕业进入了疯狂动物城警察局，殊不知这里是大型肉食类动物的领地，作为第一只，也是唯一的小型食草类动物，朱迪会遇到怎样的故事呢？ 
    近日里，城中接连发生动物失踪案件，就在全部警员都致力于调查案件真相之时，朱迪却被局长（伊德瑞斯·艾尔巴 Idris Elba 配音）发配成为了一名无足轻重的交警。某日，正在执勤的兔子遇见了名为尼克（杰森·贝特曼 Jason Bateman 配音）的狐狸，两人不打不相识，之后又误打误撞的接受了寻找失踪的水獭先生的任务，如果不能在两天之内找到水獭先生，朱迪就必须自愿离开警局。朱迪找到了尼克，两人联手揭露了一个隐藏在疯狂动物城之中的惊天秘密。
            ]]>
        </introduction>
        <review rating="9.2" number="830307">迪士尼给我们营造的乌托邦就是这样，永远善良勇敢，永远出乎意料。</review>
    </movie>
    <movie ranking="23" IMDb="tt0454921" country="USA" release_year="2006" img="23.png">
        <basic>
            <name>
                <Chinese_name>当幸福来敲门</Chinese_name>
                <English_name>The Pursuit of Happyness</English_name>
            </name>
            <directors>
                <director>Gabriele Muccino</director>
            </directors>
            <stars>
                <actor>Will Smith</actor>
                <actor>Thandie Newton</actor>
                <actor>Jaden Smith</actor>
            </stars>
            <genres>
                <genre category="Biography"/>
                <genre category="Drama"/>
            </genres>
            <languages>
                <language category="English"/>
                <language category="Cantonese"/>
            </languages>
        </basic>
        <introduction><![CDATA[
    克里斯·加纳（威尔·史密斯 Will Smith 饰）用尽全部积蓄买下了高科技治疗仪，到处向医院推销，可是价格高昂，接受的人不多。就算他多努力都无法提供一个良好的生活环境给妻儿，妻子（桑迪·牛顿 Thandie Newton 饰）最终选择离开家。从此他带着儿子克里斯托夫（贾登·史密斯 Jaden Smith 饰）相依为命。克里斯好不容易争取回来一个股票投资公司实习的机会，就算没有报酬，成功机会只有百分之五，他仍努力奋斗，儿子是他的力量。他看尽白眼，与儿子躲在地铁站里的公共厕所里，住在教堂的收容所里…… 他坚信，幸福明天就会来临。
            ]]>
        </introduction>
        <review rating="9.0" number="777094">平民励志片。</review>
    </movie>
    <movie ranking="24" IMDb="tt0817177" country="USA" release_year="2010" img="24.png">
        <basic>
            <name>
                <Chinese_name>怦然心动</Chinese_name>
                <English_name>Flipped</English_name>
            </name>
            <directors>
                <director>Rob Reiner</director>
            </directors>
            <stars>
                <actor>Madeline Carroll</actor>
                <actor>Callan McAuliffe</actor>
                <actor>Rebecca De Mornay</actor>
            </stars>
            <genres>
                <genre category="Comedy"/>
                <genre category="Drama"/>
                <genre category="Romance"/>
            </genres>
            <languages>
                <language category="English"/>
            </languages>
        </basic>
        <introduction><![CDATA[
    布莱斯（卡兰·麦克奥利菲 Callan McAuliffe 饰）全家搬到小镇，邻家女孩朱丽（玛德琳·卡罗尔 Madeline Carroll 饰）前来帮忙。她对他一见钟情，心愿是获得他的吻。两人是同班同学，她一直想方设法接近他，但是他避之不及。她喜欢爬在高高的梧桐树上看风景。但因为施工，树被要被砍掉，她誓死捍卫，希望他并肩作战，但是他退缩了。她的事迹上了报纸，外公对她颇有好感，令他十分困惑。她凭借鸡下蛋的项目获得了科技展第一名，成了全场焦点，令他黯然失色。她把自家鸡蛋送给他，他听家人怀疑她家鸡蛋不卫生，便偷偷把鸡蛋丢掉。她得知真相，很伤心，两人关系跌入冰点。她跟家人诉说，引发争吵。原来父亲一直攒钱照顾傻弟弟，所以生活拮据。她理解了父母，自己动手，还得到了他外公的鼎力相助。他向她道歉，但是并未解决问题。他开始关注她。鸡蛋风波未平，家庭晚宴与午餐男孩评选又把两人扯在了一起……
            ]]>
        </introduction>
        <review rating="9.0" number="855162">真正的幸福是来自内心深处。</review>
    </movie>
    <movie ranking="25" IMDb="tt1675434" country="France" release_year="2011" img="25.png">
        <basic>
            <name>
                <Chinese_name>触不可及</Chinese_name>
                <English_name>The Intouchables</English_name>
            </name>
            <directors>
                <director>Olivier Nakache</director>
                <director>Éric Toledano</director>
            </directors>
            <stars>
                <actor>François Cluzet</actor>
                <actor>Omar Sy</actor>
                <actor>Anne Le Ny</actor>
            </stars>
            <genres>
                <genre category="Biography"/>
                <genre category="Comedy"/>
                <genre category="Drama"/>
            </genres>
            <languages>
                <language category="French"/>
                <language category="English"/>
            </languages>
        </basic>
        <introduction><![CDATA[
    因为一次跳伞事故，白人富翁菲利普Philippe（弗朗索瓦·克鲁塞 François Cluzet 饰）瘫痪在床，欲招聘一名全职陪护。由于薪酬高，应聘者云集，个个舌灿莲花，却无法打动他的心。直到黑人德希斯Driss（奥玛·赛 Omar Sy 饰）的出现才让他作出决定。德希斯刚从监狱出来，背负家庭重担，一心只想寻张辞退信以申领救济金，而且他明显对女助理的兴趣要远大于这份工作。但是菲利普还是一眼相中了这个小伙子。于是，德希斯开始了一个月的试用期。虽然舒适的豪宅环境让他倍感虚荣，但是他仍面临很多挑战：不仅要为菲利普作身体复健，还得给他洗浴、灌肠、拆信、穿丝袜等。起初，两人的思维方式与价值观大相径庭，但是，随着了解的不断深入，他们成为了朋友…… 
    本片取材于真实事件，获2011年东京电影节最佳影片金麒麟奖，弗朗索瓦·克鲁塞与奥玛·赛分享影帝桂冠。
            ]]>
        </introduction>
        <review rating="9.2" number="512905">满满温情的高雅喜剧。</review>
    </movie>
    <movie ranking="26" IMDb="tt0031381" country="USA" release_year="1939" img="26.png">
        <basic>
            <name>
                <Chinese_name>乱世佳人</Chinese_name>
                <English_name>Gone with the Wind</English_name>
            </name>
            <directors>
                <director>Victor Fleming</director>
                <director>George Cukor</director>
            </directors>
            <stars>
                <actor>Clark Gable</actor>
                <actor>Vivien Leigh</actor>
                <actor>Thomas Mitchell</actor>
            </stars>
            <genres>
                <genre category="Drama"/>
                <genre category="History"/>
                <genre category="Romance"/>
                <genre category="War"/>
            </genres>
            <languages>
                <language category="English"/>
            </languages>
        </basic>
        <introduction><![CDATA[
    美国南北战争前夕，南方农场塔拉庄园的千金斯嘉丽（费雯·丽 Vivien Leigh 饰）爱上了另一个农场主的儿子艾希礼（莱斯利·霍华德 Leslie Howard 饰），遭到了拒绝，为了报复，她嫁给了自己不爱的男人，艾希礼妻子梅兰（奥利维娅·德哈维兰 Olivia de Havilland 饰）的弟弟查尔斯。 
    战争期间，斯嘉丽成为寡妇，失去母亲，挑起生活的重担， 不再是当初的千金小姐；战争结束后，她又两度为人妻，嫁给了爱她多年的投机商人瑞德（克拉克·盖博 Clark Gable 饰）。 
    然而，纵使经历了生活的艰苦，斯嘉丽对艾希礼的感情仍然没有改变。艾希礼妻子梅兰的去世，给了斯嘉丽一个机会，一边是深爱自己的丈夫瑞德，一边是心心念念多年的艾希礼？斯嘉丽会给自己怎样一个不一样的明天？
            ]]>
        </introduction>
        <review rating="9.2" number="360449">Tomorrow is another day.</review>
    </movie>
    <movie ranking="27" IMDb="tt0468569" country="USA" release_year="2008" img="27.png">
        <basic>
            <name>
                <Chinese_name>蝙蝠侠：黑暗骑士</Chinese_name>
                <English_name>Batman: The Dark Knight</English_name>
            </name>
            <directors>
                <director>Christopher Nolan</director>
            </directors>
            <stars>
                <actor>Christian Bale</actor>
                <actor>Heath Ledger</actor>
                <actor>Aaron Eckhart</actor>
            </stars>
            <genres>
                <genre category="Action"/>
                <genre category="Crime"/>
                <genre category="Drama"/>
                <genre category="Thriller"/>
            </genres>
            <languages>
                <language category="English"/>
                <language category="Mandarin"/>
            </languages>
        </basic>
        <introduction><![CDATA[
    从亲眼目睹父母被人杀死的阴影中走出来的“蝙蝠侠”，经历了成长之后，已经不再是那个桀骜不的孤单英雄了。在警官吉姆·戈登和检查官哈维·登特的通力帮助下，“蝙蝠侠”无后顾之忧地继续满世界的奔波，与日益增长起来的犯罪威胁做着永无休止的争斗，而他所在的高谭市，也是进展最为明显的地方，犯罪率以一种惊人的速度持续下降着，毕竟对方是能够上天入地的“蝙蝠侠”，不借两个胆子谁还敢造次呢？不过像高谭这种科技与污秽并存的城市，平静是不可能维持太久的，果不其然，新一轮的混乱很快就席卷了整个城市，人们再一被被恐慌所笼罩着，而声称愿意为这一切负责的，自然就是所有混乱的源头以及支配者--“小丑”了。 
    先不管“小丑”掀起一个又一个犯罪的狂潮的最终目的为何，他的企图都是邪恶的，所作所为更是早就危害到了高谭市民的正常生活……其中自然包括了“蝙蝠侠”身边几个非常重要的人，而他需要做的，就是将这股新的危机全部亲自用手捏得粉碎。然而在面对着这个有史以来最具针对性、最恶毒的对手时，“蝙蝠侠”却不得不从他的地下军械库里搬出每一件能够用得上的高科技武器，还得时刻纠结着为他曾经信仰的一切寻找答案。
            ]]>
        </introduction>
        <review rating="9.1" number="494390">无尽的黑暗</review>
    </movie>
    <movie ranking="28" IMDb="tt0110081" country="China" release_year="1994" img="28.png">
        <basic>
            <name>
                <Chinese_name>活着</Chinese_name>
                <English_name>Lifetimes</English_name>
            </name>
            <directors>
                <director>Yimou Zhang</director>
            </directors>
            <stars>
                <actor>You Ge</actor>
                <actor>Li Gong</actor>
                <actor>Ben Niu</actor>
            </stars>
            <genres>
                <genre category="Drama"/>
                <genre category="War"/>
            </genres>
            <languages>
                <language category="Mandarin"/>
            </languages>
        </basic>
        <introduction><![CDATA[
    根据余华同名小说改编。 
    富少福贵（葛优）嗜赌成性，妻子家珍（巩俐）屡劝无果后带着女儿凤霞离开了他，当夜，福贵输光所有家产气死父亲，被迫靠变卖母亲首饰租间破屋过活。一年后，家珍手拉凤霞怀抱刚出世的儿子有庆回到家中，福贵痛改前非，开始靠演皮影戏过起安份守己的日子。 
    但好景不常，内战时期，福贵被国民党抓去当劳工，一番辗转终回到家乡与一家人团圆后，凤霞因病变成哑巴，而在后来的大跃进运动和文化大革命中，他虽获某些小福，逆境却也一直与他如影相随。
            ]]>
        </introduction>
        <review rating="9.2" number="397854">张艺谋最好的电影。</review>
    </movie>
    <movie ranking="29" IMDb="tt0454876" country="USA" release_year="2012" img="29.png">
        <basic>
            <name>
                <Chinese_name>少年派的奇幻漂流</Chinese_name>
                <English_name>Life of Pi</English_name>
            </name>
            <directors>
                <director>Ang Lee</director>
            </directors>
            <stars>
                <actor>Suraj Sharma</actor>
                <actor>Irrfan Khan</actor>
                <actor>Adil Hussain</actor>
            </stars>
            <genres>
                <genre category="Adventure"/>
                <genre category="Drama"/>
                <genre category="Fantasy"/>
            </genres>
            <languages>
                <language category="English"/>
                <language category="Tamil"/>
                <language category="French"/>
                <language category="Japanese"/>
                <language category="Hindi"/>
                <language category="Mandarin"/>
            </languages>
        </basic>
        <introduction><![CDATA[
    故事开始于蒙特娄，也结束于蒙特娄。一名在找寻灵感的作家（拉菲·斯波 Rafe Spall 饰）无意间得知派·帕帖尔（伊尔凡·可汗 Irrfan Khan 饰）的传奇故事。派的父亲（阿迪勒·侯赛因 Adil Hussain 饰）开了一家动物园。因这样特殊的生活环境，少年派（苏拉·沙玛 Suraj Sharma 饰 ）对信仰与人的本性自有一套看法。在派17岁那一年，他的父母决定举家移民加拿大以追求更好的生活，而他也必须离开他的初恋情人。在前往加拿大的船上，他们遇见一位残忍成性的法国厨师（杰拉尔·德帕迪约 Gérard Depardieu 饰）。当天深夜在茫茫大海中，原本令派感到刺激无比的暴风雨一瞬间就成了吞噬货船的大灾难。派却奇迹般地活了下来，搭着救生船在太平洋上漂流，而且有一名最令人意想不到的同伴——理查德·帕克，一只孟加拉老虎。神奇的冒险旅程就这样意外开始了……
            ]]>
        </introduction>
        <review rating="9.0" number="782854">瑰丽壮观、无人能及的冒险之旅。</review>
    </movie>
    <movie ranking="30" IMDb="tt0095765" country="Italy" release_year="1988" img="30.png">
        <basic>
            <name>
                <Chinese_name>天堂电影院</Chinese_name>
                <English_name>Cinema Paradiso</English_name>
            </name>
            <directors>
                <director>Giuseppe Tornatore</director>
            </directors>
            <stars>
                <actor>Philippe Noiret</actor>
                <actor>Enzo Cannavale</actor>
                <actor>Antonella Attili</actor>
            </stars>
            <genres>
                <genre category="Drama"/>
            </genres>
            <languages>
                <language category="Italian"/>
            </languages>
        </basic>
        <introduction><![CDATA[
    意大利南部小镇，古灵精怪的小男孩多多（萨瓦特利·卡西欧 饰）喜欢看电影，更喜欢看放映师艾佛特（菲利浦·诺瓦雷 饰）放电影，他和艾佛特成为了忘年之交，在胶片中找到了童年生活的乐趣。 
    好心的艾佛特为了让更多的观众看到电影，搞了一次露天电影，结果胶片着火了，多多把艾弗达从火海 中救了出来，但艾弗达双目失明。多多成了小镇唯一会放电影的人，他接替艾佛特成了小镇的电影放映师。 
    多多（马克·莱昂纳蒂 饰）渐渐长大，他爱上了银行家的女儿艾莲娜（阿格妮丝·那诺 Agnese Nano 饰）。初恋的纯洁情愫美如天堂，但是一对小情侣的海誓山盟被艾莲娜父亲的阻挠给隔断了，多多去服兵役，而艾莲娜去念大学。伤心的多多在艾佛特的鼓励下，离开小镇，追寻自己生命中的梦想…… 
    30年后，艾佛特去世，此时的多多已经是功成名就的导演，他回到了家乡，看到残破的天堂电影院，追忆往昔，唏嘘不已。多多意外地遇见了艾莲娜，往日种种，真相大白，他们如何面对彼此？ 
            ]]>
        </introduction>
        <review rating="9.2" number="389813">那些吻戏，那些青春，都在影院的黑暗里被泪水冲刷得无比清晰。</review>
    </movie>
</movies>