<?xml version="1.0" encoding="UTF-8" standalone="no"?>
<countries>
<country name="USA">
<movie ranking="1" release_year="1994">
<name>肖申克的救赎</name>
<review rating="9.6">希望让人自由。</review>
</movie>
<movie ranking="4" release_year="1994">
<name>阿甘正传</name>
<review rating="9.4">一部美国近现代史。</review>
</movie>
<movie ranking="6" release_year="1997">
<name>泰坦尼克号</name>
<review rating="9.3">失去的才是永恒的。</review>
</movie>
<movie ranking="8" release_year="1993">
<name>辛德勒的名单</name>
<review rating="9.5">拯救一个人，就是拯救整个世界。</review>
</movie>
<movie ranking="9" release_year="2010">
<name>盗梦空间</name>
<review rating="9.3">诺兰给了我们一场无法盗取的梦。</review>
</movie>
<movie ranking="10" release_year="2009">
<name>忠犬八公的故事</name>
<review rating="9.3">永远都不能忘记你所爱的人。</review>
</movie>
<movie ranking="11" release_year="2008">
<name>机器人总动员</name>
<review rating="9.3">小瓦力，大人生。</review>
</movie>
<movie ranking="15" release_year="1998">
<name>楚门的世界</name>
<review rating="9.3">如果再也不能见到你，祝你早安，午安，晚安。</review>
</movie>
<movie ranking="17" release_year="2014">
<name>星际穿越</name>
<review rating="9.2">爱是一种力量，让我们超越时空感知它的存在。</review>
</movie>
<movie ranking="19" release_year="1972">
<name>教父</name>
<review rating="9.2">千万不要记恨你的对手，这样会让你失去理智。</review>
</movie>
<movie ranking="22" release_year="2016">
<name>疯狂动物城</name>
<review rating="9.2">迪士尼给我们营造的乌托邦就是这样，永远善良勇敢，永远出乎意料。</review>
</movie>
<movie ranking="23" release_year="2006">
<name>当幸福来敲门</name>
<review rating="9.0">平民励志片。</review>
</movie>
<movie ranking="24" release_year="2010">
<name>怦然心动</name>
<review rating="9.0">真正的幸福是来自内心深处。</review>
</movie>
<movie ranking="26" release_year="1939">
<name>乱世佳人</name>
<review rating="9.2">Tomorrow is another day.</review>
</movie>
<movie ranking="27" release_year="2008">
<name>蝙蝠侠：黑暗骑士</name>
<review rating="9.1">无尽的黑暗</review>
</movie>
<movie ranking="29" release_year="2012">
<name>少年派的奇幻漂流</name>
<review rating="9.0">瑰丽壮观、无人能及的冒险之旅。</review>
</movie>
</country>
<country name="China">
<movie ranking="2" release_year="1993">
<name>霸王别姬</name>
<review rating="9.6">风华绝代。</review>
</movie>
<movie ranking="16" release_year="1995">
<name>大话西游之大圣娶亲</name>
<review rating="9.2">一生所爱。</review>
</movie>
<movie ranking="21" release_year="2002">
<name>无间道</name>
<review rating="9.1">香港电影史上永不过时的杰作。</review>
</movie>
<movie ranking="28" release_year="1994">
<name>活着</name>
<review rating="9.2">张艺谋最好的电影。</review>
</movie>
</country>
<country name="France">
<movie ranking="3" release_year="1994">
<name>这个杀手不太冷</name>
<review rating="9.4">怪蜀黍和小萝莉不得不说的故事。</review>
</movie>
<movie ranking="14" release_year="2004">
<name>放牛班的春天</name>
<review rating="9.3">天籁一般的童声，是最接近上帝的存在。</review>
</movie>
<movie ranking="25" release_year="2011">
<name>触不可及</name>
<review rating="9.2">满满温情的高雅喜剧。</review>
</movie>
</country>
<country name="Italy">
<movie ranking="5" release_year="1997">
<name>美丽人生</name>
<review rating="9.5">最美的谎言。</review>
</movie>
<movie ranking="13" release_year="1998">
<name>海上钢琴师</name>
<review rating="9.2">每个人都要走一条自己坚定了的路，就算是粉身碎骨。</review>
</movie>
<movie ranking="30" release_year="1988">
<name>天堂电影院</name>
<review rating="9.2">那些吻戏，那些青春，都在影院的黑暗里被泪水冲刷得无比清晰。</review>
</movie>
</country>
<country name="Japan">
<movie ranking="7" release_year="2001">
<name>千与千寻</name>
<review rating="9.3">最好的宫崎骏，最好的久石让。</review>
</movie>
<movie ranking="18" release_year="1988">
<name>龙猫</name>
<review rating="9.2">人人心中都有个龙猫，童年就永远不会消失。</review>
</movie>
</country>
<country name="India">
<movie ranking="12" release_year="2009">
<name>三傻大闹宝莱坞</name>
<review rating="9.2">英俊版憨豆，高情商版谢耳朵。</review>
</movie>
</country>
<country name="Korea">
<movie ranking="20" release_year="2011">
<name>熔炉</name>
<review rating="9.3">我们一路奋战不是为了改变世界，而是为了不让世界改变我们。</review>
</movie>
</country>
</countries>
